{"cameraMode":{"drawMode":0,"name":"Shaded","section":"Shading Mode"},"sceneLighting":true,"audioPlay":false,"sceneViewState":{"m_AlwaysRefresh":false,"showFog":true,"showSkybox":true,"showFlares":true,"showImageEffects":true,"showParticleSystems":true,"showVisualEffectGraphs":true,"m_FxEnabled":true},"in2DMode":false,"pivot":{"x":-7.875026226043701,"y":2.1690473556518556,"z":-7.029709339141846},"rotation":{"x":-0.006274872459471226,"y":-0.10421139746904373,"z":0.0006596153834834695,"w":-0.9945378303527832},"size":4.3657684326171879,"orthographic":false}