{"cameraMode":{"drawMode":0,"name":"Shaded","section":"Shading Mode"},"sceneLighting":true,"audioPlay":false,"sceneViewState":{"m_AlwaysRefresh":false,"showFog":true,"showSkybox":true,"showFlares":true,"showImageEffects":true,"showParticleSystems":true,"showVisualEffectGraphs":true,"m_FxEnabled":true},"in2DMode":false,"pivot":{"x":-10.361665725708008,"y":4.162204265594482,"z":-10.944497108459473},"rotation":{"x":0.011449627578258515,"y":-0.7070226073265076,"z":-0.01144653744995594,"w":-0.7070168256759644},"size":4.3657684326171879,"orthographic":false}